curbing,2.61696727769
reducing,2.4036208442
minimizing,2.1478117415
reduction,2.12129744689
reduce,2.09978557711
lowering,1.96585466752
curtailing,1.93275423235
reductions,1.9277188199
boosting,1.91968795112
reduces,1.91879537741
minimal,1.91546435522
increase,1.82621670668
limiting,1.78655390333
increases,1.78610410896
slashing,1.73197393004
curtail,1.67598296804
improvement,1.66741369516
decrease,1.6058050808
shrinking,1.59180185284
minimize,1.52756259089
excessive,1.51201048735
adjustments,1.50306049726
negligible,1.50047608423
revisions,1.42249218663
cutting,1.39680426916
actual,1.36570030537
increasing,1.35898541614
cut,1.33371761017
reduced,1.32836690631
eliminating,1.32551421411
trimming,1.30566962458
cuts,1.30320898575
curb,1.29299790785
elimination,1.27963183167
diminishing,1.2765684025
shrinkage,1.26298113702
lessen,1.25584401235
performance,1.24587908951
malaria,1.23142363454
earnings,1.21611397911
eliminate,1.21422635398
slash,1.20389589767
paring,1.19386003551
restricting,1.18759302274
avoiding,1.17871504677
raising,1.17591017235
hunger,1.1694331869
portrayed,1.16143500262
lessening,1.16068232364
trim,1.1606737632
hampering,1.15930179097
economies,1.1521126629
bolstering,1.14956927372
shrink,1.14846346534
regions,1.14089838478
halve,1.13536830076
accelerating,1.13455881942
curbed,1.13409388822
tuberculosis,1.13129281236
pare,1.12655847641
curbs,1.1121480203
increased,1.11112825127
inequality,1.10871681885
restoring,1.10705259242
lessens,1.10639070703
mozambicans,1.09979518931
stimulating,1.09905738317
doubling,1.09628697793
boosts,1.08968140798
constraining,1.08795864194
illness,1.0854578789
overpopulation,1.08290510794
rise,1.07897997292
shifting,1.07527980963
india,1.07329516196
retardation,1.06980284056
eroding,1.06689258074
vaccination,1.06546072038
diminishes,1.06463163388
mechanisms,1.06290174218
illnesses,1.06207376066
changes,1.05895154281
gnp,1.05018207122
adjustment,1.04928449051
ghana,1.04589931657
relieving,1.0428696898
upturn,1.03990764907
gains,1.03102802976
saving,1.03011548404
boost,1.02778917945
improvements,1.02273933271
americans,1.02117163103
trims,1.02020229106
turnaround,1.01345886815
discouraging,1.01249785608
decreases,1.00480600643
passive,1.0
actively,1.0
countries,1.0
population,1.0
growth,1.0
famine,1.0
describe,1.0
involuntarily,1.0
worldwide,1.0
disease,1.0
measures,1.0
effective,1.0
events,1.0
pursued,1.0
results,1.0
current,0.999291602117
migrants,0.999173915882
excess,0.996793104064
maneuvers,0.996040144256
indexation,0.99242026828
buildup,0.992006051802
austerity,0.986569007483
profitability,0.974801051229
overall,0.974139367593
region,0.97405788944
hikes,0.971653619238
forecasts,0.970692137484
gdp,0.963568336676
inducing,0.962741362132
lower,0.958317107975
commensurate,0.955029889628
quotas,0.949214366049
exceeds,0.948358706583
deducting,0.943707843203
sequester,0.931375192824
deferring,0.929372032173
recoveries,0.921120549993
nations,0.916726528755
factors,0.914033360765
devaluation,0.910176475819
stimulative,0.909695926377
revision,0.906509998839
barriers,0.903477341926
substantial,0.880889017551
otherwise,0.874458946218
eliminated,0.87251110492
significant,0.87038131599
deferral,0.852278636037
deducted,0.846979141958
nonoperating,0.832710216297
predictable,0.826531191759
starvation,0.824429719847
infection,0.819575854874
legitimately,0.81822015088
populations,0.816352770046
diseases,0.81578886005
implementing,0.806059458629
ailment,0.805973439522
cancer,0.805645271265
syphilis,0.794025669788
offsetting,0.790345490266
appropriate,0.785348960085
infections,0.777669397457
inflammation,0.777327868634
onerous,0.776606135009
leukemia,0.773818118823
diabetes,0.768771155317
solely,0.752552027335
pneumonia,0.752290173302
lymphadenopathy,0.750887838771
aids,0.749997829672
refer,0.749435458288
internationally,0.748374729179
dementia,0.747657275558
illiquid,0.745282868666
cancers,0.741753714386
ethiopia,0.74009703341
democracies,0.74006871551
characterize,0.738723516644
disorder,0.738289796855
sarcoma,0.726215856273
asthma,0.722210993472
psoriasis,0.720562385283
malignancy,0.720204050185
pancreatitis,0.719865092306
expansion,0.718335021925
disorders,0.718199680443
osteoporosis,0.716374170845
recovery,0.71527817144
arrhythmia,0.714422583553
carinii,0.712981205328
wunderman,0.712430276416
diarrhea,0.712143153694
lymphoma,0.708508138521
embolism,0.707975218516
pursuing,0.703550739961
ulcers,0.701767975742
blindness,0.700870016341
migraines,0.700309553096
eritrea,0.699147456947
spurring,0.698418864506
reveal,0.696341421383
symptoms,0.696186417764
initiatives,0.696168937615
pneumocystis,0.695576745042
osteoarthritis,0.69365281686
ailments,0.693460047059
typhoid,0.692701009835
degenerative,0.692663328835
outbreaks,0.69225734175
inflammations,0.692085024258
genital,0.692005392159
births,0.69164139716
unattractive,0.691386392842
retinitis,0.689504836961
polio,0.689504412544
lesions,0.687752874221
alcoholism,0.68663476999
bloodshed,0.686594214597
virus,0.685644100212
portray,0.685267933555
meningitis,0.685032387301
pulmonary,0.6848368594
leprosy,0.684278723963
depict,0.684208178694
proposals,0.683995392456
migration,0.683487801268
ethiopian,0.683224613002
measure,0.682748528459
kaposi,0.682587011914
reforms,0.682568575539
contraction,0.68178032809
bbdo,0.68170011388
understand,0.680613548677
bronchitis,0.680194696099
scarring,0.679838550247
devastation,0.679260683662
floods,0.678942715801
defended,0.677410979358
intestinal,0.677291476927
nodes,0.675743892645
urinary,0.67564937258
stymied,0.675360813932
criticize,0.675338230397
obesity,0.675275593504
poverty,0.674968543342
anemia,0.674339550122
retrovirus,0.673523361455
describing,0.673106293697
hypertension,0.673063289525
lupus,0.672841138765
convey,0.672815698479
gastric,0.672260316902
epidemic,0.671275579803
arrhythmias,0.670730543402
explain,0.670657183861
flu,0.669876832159
melanoma,0.669788851967
fibrosis,0.669728423918
tumors,0.669703529294
viral,0.668536637121
influenza,0.668148071336
sterility,0.668044209683
smallpox,0.667794930539
undertaken,0.667340206653
inhabitants,0.667100895133
governments,0.667002899309
cervical,0.666677266362
impress,0.666558254178
tb,0.666244845678
glands,0.666171728577
slowdown,0.665384835748
htlv,0.665259134
glutaric,0.665234330049
atherosclerosis,0.665098917784
sudan,0.664279639581
explored,0.663676399805
dorland,0.663444500749
measles,0.663102231842
respiratory,0.661835406909
vaginal,0.661630530075
encephalitis,0.660003297134
lymph,0.659278487118
angina,0.659210154573
locusts,0.658894232376
bangladesh,0.658659019325
arthritis,0.658572816854
herpes,0.657204622651
abnormalities,0.656978593126
eritrean,0.656851049199
remind,0.656338069766
bowel,0.656094225641
tachycardia,0.656089278742
hdm,0.655877263944
gastrointestinal,0.655547104037
tigray,0.655345554875
preventable,0.654814629762
challenged,0.653883420232
rabies,0.652544946584
pace,0.65141487201
comparisons,0.651383803193
gland,0.650784606055
lymphomas,0.650666944726
enzyme,0.650483115647
affliction,0.650009786978
policies,0.648612932391
described,0.64789811089
steps,0.64645136367
tell,0.646162987452
embraced,0.645615854239
economy,0.645335351909
exporters,0.644908469852
fertility,0.644858861945
ddb,0.644157226661
disinflation,0.643374383437
expose,0.642415493393
rumrill,0.642392422556
lintas,0.641947983282
comprehend,0.641564480042
proportion,0.637628026967
refugees,0.637289167906
marschalk,0.637114078095
enhancing,0.636130792259
describes,0.636023396208
tbwa,0.63509105947
ethiopians,0.633602782143
lowers,0.632667377041
somalia,0.632357804156
spur,0.632113856024
promoted,0.631534762906
cite,0.630910027351
cholera,0.630574614954
lawlessness,0.629919454681
summarize,0.629372337863
indochina,0.628806702308
mention,0.627725198389
embarked,0.625716409319
bernbach,0.622557084522
invent,0.622203849161
fathom,0.622066201823
upswing,0.621741247702
males,0.621618731021
episode,0.621012002524
balkans,0.620909183804
country,0.620435767714
relate,0.620176468212
supported,0.619939434955
collectivization,0.619845620631
djibouti,0.619527086808
deceleration,0.619476797186
distinguish,0.619415641307
relied,0.618026664686
restrain,0.617403478289
illustrate,0.617383043517
underclass,0.616774808933
genocide,0.6158065935
damping,0.615785342295
outbreak,0.615780374595
zaire,0.614842041661
speak,0.614349503246
malawi,0.61403350504
regard,0.613795602611
investigated,0.612765972229
discern,0.612702820508
define,0.612548768944
ogilvy,0.612417255647
cutback,0.611507626686
inflation,0.611159525836
decline,0.611001760045
monsoon,0.610901458272
mayhem,0.610813560455
scrutinized,0.610401925817
quarter,0.609554487769
uganda,0.608736185534
riots,0.608429751044
massacres,0.608390698334
pronounce,0.608070418489
maintained,0.607636826038
downturns,0.607391534552
advocated,0.606913853356
allude,0.606738675831
endear,0.605645082242
households,0.605307297211
frelimo,0.605185332537
communicates,0.604236530439
falloff,0.60404587424
opposed,0.60364085057
acknowledge,0.603507546399
improving,0.60347508339
profit,0.603387787481
figures,0.603111998399
illiteracy,0.603046497591
whites,0.602712297895
stimulate,0.602409412139
decelerating,0.601588445459
assert,0.601453064461
endorsed,0.601018326412
overlook,0.60005450679
downturn,0.599693540687
grey,0.599639224831
established,0.599394076279
removing,0.59936104577
restrict,0.599201735947
interpret,0.598926488352
slippage,0.598263875084
proportionally,0.598078282752
families,0.597733857255
grow,0.597701202432
expound,0.597587711571
dissect,0.597003448418
ascertain,0.596963851257
thinly,0.596668584177
publicly,0.596534755098
robust,0.596421860823
hispanics,0.595520908648
haiti,0.594695890544
portrays,0.594462447927
episodes,0.594222651869
rioting,0.593863027734
capita,0.593528833704
waged,0.593449112283
omnicom,0.592494508823
recession,0.592438780512
overtaken,0.592270365361
deforestation,0.592028282326
mali,0.591819604909
prided,0.591107135611
terror,0.590784817706
articulate,0.590782335533
diminish,0.59035345996
undermining,0.589889327237
celebrations,0.589396014855
committed,0.588932123451
drama,0.588897918097
countering,0.58881589216
angolans,0.588544937062
discussed,0.587656902455
undercount,0.587613715042
droughts,0.586647820259
rekindling,0.586521510667
debunk,0.586351658059
resettlement,0.58591414906
studied,0.585681652343
acquaint,0.585480118622
laud,0.585462195029
polisario,0.585441278853
applaud,0.585328822654
slowing,0.584659757387
resurgence,0.584370714242
legislation,0.584259719165
disaster,0.5841066332
fertitta,0.583929234604
liken,0.583587343856
recognize,0.583407779857
initiated,0.583279669211
sluggishness,0.582999177753
envision,0.58298326147
hinders,0.582568304802
upsurge,0.582315966378
remember,0.582298594428
ascribe,0.582262320964
runaway,0.582221416753
ponder,0.582078693113
laos,0.581966897688
pestilence,0.581876527571
paraphrase,0.581754673087
baffles,0.581619127301
stagnation,0.581575845581
provisions,0.58146580238
balkan,0.581280946874
precluded,0.580592247829
erosion,0.580270429502
engaged,0.580182020054
bilateral,0.580168277706
reining,0.580015608136
resisted,0.579570764587
denigrated,0.579510244576
deprivation,0.579193621754
zimbabwe,0.579136188491
deride,0.579052560645
encourage,0.578900299484
courted,0.578900100769
mengistu,0.578873705788
learn,0.578699325708
embrace,0.578575681131
maintaining,0.578329539334
capitals,0.578193076765
formulated,0.578092984243
prevalence,0.577788120665
mozambique,0.57753346286
diminished,0.577163671827
cutbacks,0.576955521325
haitians,0.576802852656
emphasize,0.576721509103
sustainable,0.576656807566
destruction,0.576194791417
andes,0.57604691733
brazil,0.5758792867
enlighten,0.575779819769
persecution,0.575639470642
ignore,0.574915575352
demand,0.574704914363
upheavals,0.574653951666
event,0.574614398712
illuminate,0.574570818328
pursues,0.574566273539
attest,0.57395317
indochinese,0.573903874191
kurds,0.573826469692
disappearances,0.573801135939
tatham,0.573586017938
senseless,0.573342083316
discredited,0.57333402501
criticized,0.573297779268
toughening,0.573182719971
sollish,0.572955186477
hakuhodo,0.5729024042
suggest,0.572435905883
sacrificed,0.57213494237
drought,0.572036243286
slower,0.572035611091
deterring,0.572000262363
illegitimacy,0.571962088294
outbursts,0.571867929955
multinationals,0.571747744175
reined,0.571016272468
cuba,0.571003607239
agitation,0.570585746497
assassinations,0.570552287594
mobilization,0.570485608891
resettled,0.570324942952
avalanches,0.570278675997
subcontinent,0.570096592608
confuse,0.570008617787
beber,0.569882020705
bsb,0.569866411369
himalayan,0.569625198857
oppression,0.569575611284
imparc,0.569339364094
dfs,0.569288452554
reprisal,0.569120575726
personalities,0.569031529939
mather,0.568947135104
anthrax,0.568845059754
underestimates,0.568735409524
renamo,0.568635753257
disturbances,0.568362508189
perceive,0.568251463891
slashed,0.5679710478
dogged,0.567905543379
appearances,0.567860157725
famines,0.567620029809
ingratiate,0.566437446769
refers,0.56602933937
constrain,0.565988022849
forcible,0.565982623756
replicate,0.565910869089
miseries,0.565874739407
decipher,0.565863509817
peasants,0.565859995602
convince,0.565835754081
violence,0.565638877504
attribute,0.565528766221
zambia,0.565411246628
infer,0.565186922207
europe,0.565114334732
repression,0.564936856823
trend,0.564837131157
portraying,0.564141775532
argentina,0.56386110938
erickson,0.563626325991
programs,0.563314763947
evaluated,0.563168413508
normal,0.563073741215
reacceleration,0.562681507078
publicis,0.562439030813
eruption,0.562319448246
characterizing,0.562311349357
influenced,0.562122374643
kerlick,0.562074469474
outdo,0.561805447945
fueling,0.561705689406
considered,0.561661985882
occurrences,0.561625474474
mithun,0.561271347108
basford,0.561139507843
nepal,0.560711924918
impeded,0.56065144705
ease,0.560445063878
characterizes,0.560288503244
stricken,0.5602169608
malaysians,0.560188907835
incidents,0.559988992445
tigrean,0.559699838159
chosen,0.559656543529
affluence,0.559373020453
incidence,0.559258663783
demystify,0.559215227249
discredit,0.558901114226
discourage,0.558828690477
toughen,0.558747665968
crimping,0.558309632032
allies,0.558252358888
spielvogel,0.557990875113
clip,0.55780895056
profited,0.557685323718
goodby,0.557606972852
enlarging,0.557487435072
rebutted,0.557420690184
concoct,0.557333911009
gone,0.557331308364
rebound,0.557054182466
analyze,0.556977354916
imagine,0.556966870864
uprisings,0.556914098687
shevack,0.556891350045
europeans,0.55666550242
fcb,0.556649641242
brought,0.556626125461
nicaragua,0.556390245391
spectacle,0.556143166606
strength,0.55592568716
expansions,0.555797980656
compare,0.555748037974
counteract,0.555664211243
consumption,0.555582820131
liberia,0.555492436481
tells,0.555320070674
moves,0.555272268141
engulf,0.555219136262
combating,0.555208684775
ethnic,0.555071276496
drawn,0.554606243014
amplify,0.554483683997
machiavellian,0.55433935599
preach,0.554242473541
impoverished,0.55411913335
explained,0.554066685149
deterioration,0.553677351239
quilali,0.553641628696
khartoum,0.553603869472
populous,0.553340892552
decreasing,0.553333426921
damp,0.553275826895
restatement,0.553275245946
sudanese,0.55319819463
probed,0.553176554347
debates,0.553122285906
tanzania,0.552910551836
eritreans,0.552910320498
vilified,0.552869419356
multilateral,0.552545070834
condemn,0.55252459106
epidemics,0.552414352264
burma,0.552323844924
disproportionately,0.552214089071
margeotes,0.552109500085
jungles,0.551997038173
undermined,0.551930074211
pinpoint,0.551834432087
ameliorate,0.551583017016
ldcs,0.551506517785
fhv,0.551457586879
depicted,0.551250642635
expanding,0.551108961367
conveying,0.550975433654
controversies,0.550679142745
demonstrates,0.55066343452
depended,0.550372072312
focused,0.550148493556
conceived,0.550112936444
ec,0.549943555983
projections,0.549941217942
jibe,0.549779412161
ignored,0.549745168477
encourages,0.549674192397
recognized,0.549306047416
stifle,0.549005470156
masius,0.54899934419
joblessness,0.54896057054
ballooning,0.548770929314
offend,0.548576797913
highlight,0.548471064947
halting,0.54846957143
caseloads,0.548379286111
arcy,0.548353260298
ammirati,0.548301560674
inform,0.548067192024
sanctioned,0.547676403869
confess,0.547388637557
superseded,0.547110874009
espoused,0.546918594124
japan,0.546891523488
identifies,0.546872416394
outpace,0.546861668962
exploited,0.546791195269
starkly,0.546784066162
emigrants,0.546670437923
lessened,0.546484772496
overseen,0.546332059628
regimes,0.546155404685
homelessness,0.54609427899
demonstrated,0.545635791775
insignificant,0.54548651088
restrictions,0.545455803856
gaffes,0.545406031742
geer,0.54495620806
recessions,0.544950148583
accurate,0.544939425831
hampered,0.544437505377
demographic,0.544218695807
schalk,0.543955823678
defends,0.543889921627
creamer,0.543879045223
altschiller,0.543783531152
resisting,0.543635414515
lauded,0.543586548254
attacked,0.543368651215
commentators,0.542892145056
championed,0.542753365042
nondeductible,0.542729891807
reconsidered,0.542726178201
blacks,0.542649636028
societies,0.542521428793
birthrate,0.542520218203
discharged,0.54239748454
gatherings,0.542017943946
afdc,0.541947894359
active,0.541893452812
stories,0.541052106402
impeding,0.540567070831
sacrificing,0.540328614831
impede,0.540286834272
deflation,0.54007226533
actions,0.539982296525
developed,0.539923249506
maximizing,0.53967036713
pickands,0.539270588115
continent,0.539129036305
lgfe,0.538599010069
decreased,0.538509227913
rscg,0.538190355033
wcrs,0.537619775853
safeguards,0.537404069101
surge,0.537372217384
backer,0.53736571853
spearheaded,0.536771216708
phenomena,0.536719371876
exact,0.536669230346
expanded,0.536357639271
faulted,0.536333594756
unemployment,0.53623352372
intensifying,0.535797191843
predominantly,0.535560092713
consulted,0.535476251273
sluggishly,0.535412171443
heterosexuals,0.535248530742
census,0.535041213476
rubicam,0.535020036374
inhibit,0.534953239068
fahlgren,0.534894476176
vignettes,0.534823521698
eluded,0.534610938808
occurrence,0.534458647262
deplored,0.533698071708
hamper,0.533670083843
fallon,0.533397098903
thwarted,0.533284716579
krasselt,0.53326977429
eases,0.533152065632
ages,0.533101558507
loss,0.532916959033
females,0.532657607444
hubbub,0.532594481899
swayed,0.532542625806
kirshenbaum,0.532505352728
assailed,0.532096836291
served,0.532072794556
imposing,0.531880521506
interpublic,0.531785419921
extravaganza,0.531723226719
materially,0.531540334234
restraints,0.531340725359
spurt,0.531288464406
moments,0.531260223108
themes,0.531166367395
characterized,0.530967610261
populace,0.530817215322
regulating,0.530712448863
soviets,0.530459474778
litigated,0.5304356116
incomes,0.530347116665
needham,0.530253581675
efta,0.530228674929
hbm,0.530127973788
esty,0.529868873117
republics,0.529614881656
dramas,0.529351147681
orchestrated,0.529116711297
revelations,0.529094602318
liberalize,0.529091210027
precise,0.528787624023
rising,0.528509653839
handled,0.528367074609
redirect,0.528132117121
boom,0.528083523621
improve,0.527681111232
villages,0.527676920575
observations,0.52761039162
floated,0.527521739603
spiraling,0.527293506321
puris,0.52686724944
olympics,0.526843537326
mounting,0.526666946711
developments,0.526392688719
predetermined,0.526371372283
inflows,0.526326682415
outweigh,0.526299156223
countryside,0.526174536567
malay,0.526058525727
victimized,0.525821268447
directed,0.525361506283
fought,0.525286512341
happenings,0.525219933038
reasonable,0.525125209521
repetition,0.525125031158
preventing,0.524988302669
flattening,0.524770340011
residents,0.524607271457
specified,0.524530032894
dentsu,0.524446244477
seen,0.524360509684
twists,0.523427790201
advised,0.523263689068
topics,0.523229291151
emirates,0.522995134538
urbanization,0.522636125575
package,0.522536388412
overshadowed,0.522336209545
defending,0.522247124669
accelerate,0.522234052468
dampen,0.52217832961
enlarge,0.522027527489
amendable,0.521920769524
abroad,0.521894426824
exports,0.521859343628
ghetto,0.521696631491
stagnating,0.521271769056
burgeoning,0.521225867517
rollback,0.521129244191
dhl,0.52107805803
regulations,0.52093723478
fostering,0.520894594705
immigrants,0.520857024742
brisker,0.52084055295
debtors,0.520692334679
experiences,0.520452005962
discharge,0.520430041642
minorities,0.520359414926
derided,0.520004792104
stiffen,0.519993077403
ridiculed,0.519958338841
trimmed,0.51991655595
viewed,0.519731723587
slumps,0.519679589731
dismissed,0.519605153672
koreas,0.51954852162
jeopardizing,0.51941967583
assaults,0.518478557387
squeezing,0.518066618127
indigenous,0.517765940486
sanctions,0.517471921168
prodded,0.517373623407
hinder,0.517135178668
unsustainable,0.517132515674
revisionism,0.517055953196
doremus,0.517017380785
rewarded,0.517015852258
nonwhite,0.516900634374
raise,0.516872321966
blunted,0.516820486265
massimi,0.516531171172
hampers,0.516428929113
wedded,0.516388614037
populated,0.516263075102
multiplying,0.516206389492
promoting,0.516152950285
sloves,0.51609574772
stagnate,0.515949050508
narrowing,0.515901085875
curtailed,0.515590405474
imports,0.515330253002
eras,0.51520293502
weakness,0.514944217331
softness,0.514851023937
gravesend,0.51474891945
restructuring,0.514510797242
resolutions,0.514368073821
enhance,0.514345277227
cooperated,0.514286544882
rural,0.514066527334
ggk,0.513735683113
subgroup,0.513632160644
unemployed,0.513615549326
thirdquarter,0.513471346179
novelli,0.51340404611
outstrip,0.51336941805
elements,0.513299175661
noninflationary,0.51292130737
touted,0.512861604767
circumventing,0.512809768502
sales,0.512691285021
climb,0.5125436817
expectations,0.512329709759
mcelligott,0.512254723525
commentary,0.512220622345
triumphs,0.512075513148
discourages,0.512068528516
slums,0.512045107395
aggregate,0.512003423578
mccaffrey,0.511964979248
pledges,0.511846044513
hindered,0.511787973511
venues,0.511549447628
imf,0.511440986667
enclaves,0.511334219639
renegotiation,0.511306330457
defray,0.511302193128
destitute,0.51116491844
pressures,0.51100015966
saatchi,0.510992285044
coincidences,0.51095971086
dwellers,0.510892168351
decoupling,0.510640931758
waring,0.510606058198
diverts,0.510537291034
preserving,0.510528942104
reigniting,0.510421559522
embargoes,0.510413149704
thwarting,0.510381984288
workforce,0.510134295631
tragedies,0.510106393461
forgoing,0.509889826886
dictators,0.509812866904
disabled,0.509457463505
uncounted,0.509439805412
scandals,0.509121384396
disrupting,0.509076738806
mccann,0.508641446646
vigor,0.508568388528
pollitt,0.508361186205
enrollment,0.508303230314
realities,0.508241873947
overtones,0.508086995494
forums,0.507869186364
unfolded,0.507856583369
homogeneous,0.507743976097
underemployed,0.507627329864
nationals,0.507610967031
indonesia,0.507227967556
catholics,0.507109162834
china,0.507038418643
intra,0.506638307989
currencies,0.50657844576
restricts,0.506547594835
strengthening,0.506499730368
redressing,0.506319540004
cone,0.505720323864
examples,0.505684525727
stymie,0.505440045111
budget,0.505328388407
recalculated,0.505158788953
prognostications,0.505064685957
antics,0.505007981914
scali,0.504951331291
stimulated,0.504871828461
exacerbates,0.504175437259
reversals,0.503568805743
retroactive,0.503340339408
scene,0.503269908428
flashbacks,0.503143345345
cognoscenti,0.503070495721
scenarios,0.502820719869
restatements,0.502746719605
world,0.502626341212
declining,0.502571187099
reitzfeld,0.502432600791
export,0.502050887098
anemic,0.501957367105
sprawl,0.501892662102
softening,0.501870093744
refinancing,0.501819449509
achieving,0.501728905494
moderating,0.501158687862
lagging,0.501106778038
bozell,0.501080807027
ministers,0.50107418465
hispanic,0.500807058508
outburst,0.500806294003
communities,0.500530230608
comedians,0.500319844242
larosa,0.500299004236
ghettos,0.500194337439
mobility,0.500080419535
inflow,0.4998824477
exhibitions,0.499816842002
aggressively,0.499783784711
fourth,0.499423677657
tragedy,0.499200867297
overhaul,0.499080528653
caseload,0.49904872738
venezuela,0.499030945633
slackening,0.498869892484
crises,0.498445717605
poorest,0.49840660536
guidelines,0.498392612135
chapters,0.498382779122
terminations,0.49823252482
migrations,0.498116680609
ayer,0.498000909143
transferring,0.497886547035
taiwan,0.497879256653
deaths,0.497815626597
boase,0.497662394899
unevenly,0.49752849119
nigeria,0.497444744273
projection,0.497365480206
slacken,0.49728491164
doings,0.496972000661
phenomenon,0.496724759617
allocations,0.496643956546
malnutrition,0.496640858787
billings,0.496421836673
games,0.495967381219
riney,0.495560058924
jump,0.495086101399
immaterial,0.495002252734
halving,0.494818706044
subtracted,0.494590177954
untaxed,0.494462824887
parishes,0.494392391473
mortality,0.494377583393
elderly,0.493964106652
initiative,0.493893106875
subjects,0.493644665418
destinations,0.493436729468
undercounting,0.493283384749
amendments,0.49317724698
poland,0.493032112953
brouillard,0.492856609713
reform,0.49271144807
neighborhoods,0.492443460916
understate,0.492381636497
writeoff,0.49224305619
asians,0.492205036022
counties,0.492138761924
occupations,0.49204845146
sluggish,0.49198295899
lowe,0.491840617988
televised,0.491564307809
belding,0.491548553542
belier,0.491460432257
bowles,0.491435803878
teenagers,0.491224975162
stability,0.491008516249
nontaxable,0.490678295882
modification,0.490407241375
documentaries,0.490283649201
marketing,0.490198624877
skirmishes,0.49015331282
buzzwords,0.49007719831
extravaganzas,0.489674060552
goals,0.489631574683
rules,0.48956059481
accurately,0.48935576664
towns,0.48927973644
approaches,0.489246657537
compromises,0.489198448949
blocs,0.488977164986
kozikowski,0.488935361039
slump,0.488922036847
hospitalize,0.488859407326
theoretical,0.488208913048
mysteries,0.487999018721
embarrassments,0.487933729892
imagery,0.487560967122
contradictions,0.487394483297
cocom,0.487177341438
profits,0.48711304484
nuances,0.487003302635
negligently,0.486407817409
homelands,0.486288935922
mojo,0.486127851031
cycle,0.486079241998
fourthquarter,0.485735593799
festivals,0.485659659487
international,0.485613178779
situations,0.485563647154
affinities,0.485563550016
secondquarter,0.48550837917
involuntary,0.485483013158
footage,0.485268557982
lois,0.485197790513
reactions,0.485122495002
festivities,0.484987519019
markedly,0.484617249921
geographically,0.484336637947
foreigners,0.484266909634
weakening,0.48371591212
turnout,0.483641083239
quarters,0.483535946005
egypt,0.483390332173
transgressions,0.483369163764
upturns,0.482878206308
dane,0.482796993065
corresponding,0.482430234808
finalist,0.482068010252
lag,0.482003856943
blunders,0.48196826245
specials,0.481944370609
meetings,0.481788833727
entitlements,0.4816013835
sirowitz,0.48152463825
taxed,0.481426237983
moods,0.481405699941
embassies,0.481181518876
maidenform,0.480966680748
taxable,0.480710139602
european,0.480277225393
procedures,0.479989741329
additions,0.479950856224
broadcasts,0.479929892144
anecdotes,0.47988933166
constraint,0.479777181116
shenanigans,0.479711115368
subpar,0.479709586811
medically,0.47970956973
predictions,0.479497404356
conventions,0.47947510509
superpowers,0.479427046366
shift,0.479398778557
efforts,0.479372723002
amnesia,0.47932256344
appreciation,0.479158651337
represent,0.478834689563
mishaps,0.478668861746
depreciation,0.478649843934
biographies,0.477859328379
cooperation,0.477833366696
meaningful,0.477809330981
advertising,0.477771863229
disallowance,0.477706551615
emotions,0.477629793556
fullyear,0.477519560385
juxtaposition,0.477490354509
report,0.47747389891
kudner,0.477351777684
net,0.47719463427
ewald,0.476983837106
individual,0.476944867557
mentally,0.476832053441
producers,0.476802197168
activity,0.476801354082
cartels,0.476539709349
realigns,0.475826334786
gdl,0.475790009089
gargano,0.47524150909
exceed,0.475175998064
policy,0.47507085795
zones,0.474772911305
hike,0.474697960029
yearly,0.474299675999
freeze,0.47417439262
semsky,0.474152564205
abnormal,0.474017842425
recommendations,0.473821680927
plan,0.473821068097
performances,0.473816237087
normally,0.473709728766
mature,0.473542719789
proposal,0.473428939579
travisano,0.473214663144
liberalizing,0.472828362037
algeria,0.472210155024
usually,0.472001078845
absolve,0.47170384435
approximate,0.470841680375
turkey,0.470656750505
companies,0.470437316073
foreign,0.469825732302
groupings,0.469652384228
westerners,0.469597585051
relief,0.46959088276
caretakers,0.469005088249
hemisphere,0.468947550124
mechanism,0.468747660322
demands,0.468727531106
nics,0.46797088645
dismantling,0.467787304813
containment,0.467495016699
deduction,0.467322676463
bill,0.467042216634
escalation,0.466278152597
guide,0.466168602276
limited,0.466006523274
losses,0.465551068931
stance,0.465301228051
germany,0.464942958485
expires,0.464742837532
readings,0.464671093882
caseworkers,0.464236299289
greece,0.463887573881
overstated,0.463299694378
distortions,0.463068465133
conditions,0.462751106013
imbalances,0.462690229109
bolivia,0.462628912963
ineffective,0.462178435874
physically,0.462013889692
deductions,0.461772553848
gain,0.46152789193
posture,0.461019613776
consortia,0.460778245799
latin,0.460628583754
allowable,0.460482800308
honorably,0.459760809541
directives,0.459737778232
margins,0.459672372647
spain,0.459655708775
tripling,0.459185721379
unrealized,0.458573318498
deductible,0.458515307992
chile,0.458496447761
suggestions,0.458370281917
subchapter,0.458133375563
drop,0.458011979665
markdowns,0.457822056591
hungary,0.457797650224
provinces,0.457373882242
sanbar,0.45726733945
exceeding,0.457060118252
banks,0.456016864103
domestic,0.455251715123
optimal,0.454643625109
formulas,0.454639074161
specific,0.454127953655
precautions,0.454098078975
underlying,0.453832455798
ecuador,0.453581488518
forgiveness,0.453564733096
principles,0.453407924487
easing,0.453032599932
nationalities,0.452744691981
oecd,0.452279588226
imperialists,0.451820320019
indigent,0.451690971135
nominal,0.451434679179
industrialized,0.45142643617
bloc,0.451089502848
grandfathered,0.450943103152
divestiture,0.450883287784
uninsured,0.450607403756
historical,0.450061010888
thailand,0.449983947959
import,0.449974357909
incompetent,0.449917591084
insure,0.449445432943
entail,0.449298139996
adb,0.448318038153
unforeseen,0.4482358187
liberalization,0.448175461736
multiple,0.447893592794
strictures,0.447770313921
positives,0.44713541498
incentives,0.446892033675
change,0.44686643627
realistic,0.446698685981
pretax,0.446675971882
constraints,0.446674543528
disability,0.446423243389
shortfall,0.445953724358
coordination,0.44561606431
unanticipated,0.445528822489
qatar,0.445458724451
streamlining,0.444723352062
targets,0.444707038544
reclassification,0.444523518868
prohibitions,0.44433922277
program,0.444037975694
issues,0.443843643277
avoidance,0.443803954768
firstquarter,0.443730912097
maimed,0.4435730067
analysts,0.443444867345
attempts,0.443308453491
withdrawal,0.443033276701
calendar,0.44228952217
limits,0.442037008526
infirm,0.441794936514
methods,0.441534514914
actually,0.441220378634
mandates,0.440894091315
newborn,0.440773327081
parole,0.440755949231
requirements,0.440386871966
charitable,0.440100569619
subsequent,0.440035139488
partnerships,0.439761559782
nonrecurring,0.439659266851
limitation,0.439471377069
manageable,0.439170475016
obviate,0.438795704478
exceeded,0.438702792999
exceptional,0.438157081817
compromise,0.438064057251
approach,0.43749624892
beginning,0.437391667706
compensating,0.437222321225
overruns,0.436754951893
tankan,0.436455971491
modernization,0.436388109163
writeoffs,0.436138948971
restated,0.435516695526
depletion,0.435478174281
stimulus,0.435470965058
variables,0.435386484743
calculating,0.434731952747
anticipated,0.434570212582
revenue,0.434454446494
considerations,0.434168423087
microeconomic,0.433709291408
measured,0.432776221936
questionable,0.432644509836
wasteful,0.432618118976
tallies,0.432348802139
voluntarily,0.431606506462
statements,0.431004193116
incapacitated,0.430962324853
regulation,0.430953782307
agenda,0.43062117371
feasible,0.430605640401
findings,0.43053847625
undistributed,0.430520074338
provision,0.430476388533
unsuitable,0.430366836707
paltry,0.430101583246
notify,0.429881419552
inequities,0.429769797379
showings,0.429713321546
laws,0.429685674852
structures,0.429642314759
pershare,0.429630862685
reporting,0.429338630476
blueprint,0.429121159628
outlooks,0.42905314223
assumptions,0.428782522858
standards,0.428439418163
childbirth,0.428278947273
discontinuance,0.427822624893
discontinuation,0.427750861229
divorce,0.427522020674
euthanasia,0.42740719639
somewhat,0.427262788369
downgrades,0.427183840522
prediction,0.427109086528
marginally,0.426967883386
total,0.426864893521
payable,0.426843107331
restate,0.426782871358
astounding,0.426730307273
prospects,0.426669395117
hommen,0.426537432492
forecast,0.426173129721
unsupervised,0.425815981753
extenuating,0.424856571007
newborns,0.424635887493
hypothetical,0.424573458375
riskier,0.424482170551
reinvesting,0.424464894437
milion,0.424392668719
indexing,0.423923575337
correlated,0.423911259662
strictly,0.423603316739
segments,0.422825963413
deduct,0.422217474615
prescribed,0.422022729474
mere,0.421732881949
sick,0.420634987394
reliably,0.420434794566
stratospheric,0.420418756802
achievable,0.419990693323
subjective,0.419896364716
permanent,0.419895894735
meaningless,0.419578861688
rehire,0.419477162296
returns,0.419078201368
compensated,0.418853802671
period,0.41869617564
disabilities,0.418370721229
valid,0.418036659955
sue,0.417758226925
hedging,0.417741723571
comparison,0.417587782424
multiply,0.417574086291
sickest,0.417454247689
calculate,0.417257191366
unitrode,0.416429318922
efficiencies,0.416367210681
decedent,0.416048551943
amortized,0.415963872105
equal,0.415711887756
significantly,0.415148920048
depending,0.415098624409
implemented,0.414642344593
pecuniary,0.414195205406
minuscule,0.414116913838
quadriplegic,0.41406991078
offsets,0.414016969146
disappointing,0.413985983431
unreasonable,0.413721280549
coerced,0.413449860625
permanently,0.413414417917
reports,0.412698415037
mayronne,0.412402077399
applicable,0.411910966254
proprietorships,0.411722580606
blind,0.411547255472
trivial,0.41148100574
employed,0.411194570963
continuing,0.411111523688
nursing,0.410656754727
distorted,0.410401628136
duration,0.410043154525
intrinsic,0.410009503998
inflated,0.409817853362
magnitude,0.409641080846
sicker,0.409271462788
averse,0.409236814044
grieving,0.409130869405
below,0.408949779075
pregnant,0.408933142801
meaning,0.408776680607
quarterly,0.408604751977
firsthalf,0.408477234919
measurable,0.408106315068
outlook,0.407572208883
skewed,0.407089600051
harassed,0.406936403365
vary,0.406825598237
unearned,0.406630574857
coma,0.406605328742
probable,0.406406439734
required,0.406324377224
difference,0.406256127753
leave,0.406105788617
bookings,0.406086082501
adverse,0.405574872342
lightly,0.404560757191
narrowly,0.404452106801
fluctuate,0.404451242976
custody,0.404261732485
inadequately,0.404128492728
incremental,0.403785367864
tolerable,0.403362900492
sharecroppers,0.403331786533
respondents,0.402976915713
liable,0.402688310535
averaging,0.402668763367
raped,0.402570737995
future,0.401957445983
disruptive,0.401899647559
caring,0.401715400364
compudyne,0.401666296723
irregular,0.401498941768
enslaved,0.401316983115
utc,0.401310483207
greenmail,0.401282851766
hedged,0.401065436877
adversely,0.401014780387
furloughed,0.400911726844
recordkeeping,0.400909358493
taxation,0.400547164744
amputation,0.400182231846
overstating,0.399813317037
writedown,0.399273228102
bielecki,0.398828835552
injured,0.398789522511
retarded,0.398777738522
farrowings,0.398671158403
abortions,0.39849185269
reviews,0.398395272366
potent,0.398371921631
ordinary,0.398232359263
erisa,0.397957935952
empowering,0.397942214199
itemized,0.397384150719
effect,0.397031739008
deductibility,0.396891064651
handicapped,0.396796558947
expedient,0.396761384771
efficiences,0.39638867161
comatose,0.396190462663
unwed,0.396136101886
recklessly,0.395896397992
risky,0.395399540441
menial,0.394842750136
fetus,0.394754712072
respirator,0.394426615952
appendectomy,0.394348689349
substantially,0.394265677459
hospitalization,0.393861005975
adoptive,0.393555154765
mental,0.392393148209
unborn,0.392362056938
riskless,0.392304312444
vegetative,0.39182979216
fiscal,0.390992519442
fitfully,0.390511547041
vested,0.39033388558
negligence,0.390302462938
adjudicated,0.390225975187
translations,0.390012357498
fulltime,0.389252797431
cjd,0.389228081237
adoptions,0.388992175228
trauma,0.388907986862
abusive,0.388846738993
legitimate,0.388530701562
individuals,0.388349886281
dissolving,0.387957402958
minority,0.387884566465
willfully,0.387711619188
criminally,0.38749585106
taxing,0.387213860372
pbgc,0.386828414189
intoxicated,0.386799928586
disabling,0.386753532865
inaugurated,0.386601486296
economical,0.38632617277
noncompetitive,0.38604787255
reimbursing,0.385919337224
invasive,0.385737042863
untrained,0.385645408205
safer,0.385408296693
understaffed,0.38508814066
advantaged,0.384721981254
detention,0.384716990374
starting,0.38470274838
interrogations,0.384684250104
spouse,0.384439299609
punished,0.383863002472
mlp,0.383319951119
maximization,0.383315077446
tax,0.382974184841
thru,0.382696251643
detrimental,0.382021665361
owning,0.381628169645
acceptable,0.381505638149
shelter,0.380075588422
bond,0.379604036891
dynacirc,0.379170866283
fictitious,0.378957184745
euroyen,0.378662169524
sideline,0.378652546465
available,0.378280387218
gic,0.378276102629
benchmark,0.377963170152
meanwhile,0.377619702248
itemize,0.37727457783
treasurys,0.376831511375
nonresidents,0.376801708723
redeemed,0.376509035905
primes,0.376132637275
timmer,0.376092348197
expensive,0.375668464902
inherent,0.375658692844
direct,0.375500122027
beneficial,0.37514675245
shelters,0.374880231471
bonds,0.374868783958
fiduciary,0.374345261393
noncorporate,0.374290613955
undesirable,0.374113017943
lysis,0.373322339011
implementation,0.373002365558
enjoyment,0.372737150491
tbk,0.372312458656
disproportionate,0.371954864124
exemption,0.371888378493
miscellaneous,0.371732667073
theophylline,0.371682283803
syndications,0.370485272068
indirect,0.370457855704
undergo,0.370423012734
expire,0.370302895773
desirable,0.370016986096
attributable,0.369959074135
secondary,0.369797734553
avidly,0.369688204488
proportional,0.369297179694
clozaril,0.369027214225
municipals,0.368807601969
expired,0.368015128848
edu,0.367880510466
exercisable,0.367442627614
coinciding,0.367371044268
forgone,0.366750069721
costly,0.366694989048
ira,0.366396238034
institutionally,0.362624482844
advantageous,0.362498281137
untenable,0.361794340833
expiring,0.360944028332
preferable,0.360921215824
incontinence,0.359931709129
eurodollar,0.357368000175
operational,0.356205915435
dimes,0.356143134571
adrs,0.354976006751
exclusively,0.354042888762
olszewski,0.354016559372
destructive,0.35278125104
flexible,0.352267122887
problematic,0.352137924846
institutional,0.351877328521
speedier,0.351724645687
logical,0.350516510438
thrombolytic,0.349780319633
preventative,0.349567647105
functional,0.349328049147
retires,0.348307668699
eighths,0.347176581808
useful,0.346489420886
moot,0.346249392459
essential,0.345260622743
laggards,0.344916685808
promulgated,0.344417178817
applied,0.343580462773
therapeutic,0.343503275261
intrusive,0.34347578944
advisable,0.342463217831
instituted,0.341359687465
lpp,0.3411959743
modifying,0.340838729784
refundings,0.340797059547
implantable,0.339941537554
unnecessary,0.339433192852
stocks,0.33917087747
nms,0.338824244986
premarin,0.338638623278
kefauver,0.338613187672
fulfilling,0.338579726213
optimum,0.337840586222
interim,0.337433763225
politicized,0.337051005122
exercise,0.336889902653
due,0.336812794413
efficient,0.335317153496
responsible,0.334388158307
actigall,0.334381367767
futures,0.334203265432
enacted,0.333422982416
automatic,0.333403203219
dissolvers,0.333338466011
majeure,0.332108466503
otc,0.331733668575
treasury,0.331706525006
haehl,0.33100260039
prescribe,0.330705770424
matures,0.330386445701
restrictive,0.330133183342
contracts,0.330092805348
intolerable,0.329738871719
retroactively,0.329659443246
scheduled,0.328767506887
specifically,0.324498653814
heavily,0.322481811712
apparently,0.322026259887
competitively,0.320444596111
advanced,0.319131194127
seasoned,0.317306555536
directly,0.316456540164
initially,0.315934518384
gos,0.314192769616
gilts,0.313908598712
privately,0.312762342499
bellwether,0.312056408954
speculative,0.31001363191
counter,0.30949751049
attractive,0.307605351232
yesterday,0.306180080049
bids,0.305955662481
strongly,0.303941342694
nasdaq,0.299713179425
suppport,0.299192924809
primary,0.299180568797
quiet,0.298280469664
list,0.298276701947
longterm,0.297872249317
euromark,0.297147112427
adjuncts,0.296508439937
denominate,0.296401120179
treasuries,0.295642408098
pivotal,0.295467062809
leery,0.295362822496
overleveraged,0.294855611697
epes,0.294242755443
moderate,0.293829968789
reportedly,0.293298245347
cheap,0.292531700577
closely,0.291475245954
bluechip,0.290242576704
gold,0.288381538352
uninterested,0.286034968629
interdealer,0.285713566723
independently,0.285618455407
lgac,0.285405940432
unchanged,0.28429609136
auctions,0.283299995201
municipal,0.282786799673
unrated,0.281392828569
scarcer,0.281268328129
close,0.280953515082
idbs,0.280751306732
dissuade,0.28064636637
notes,0.280128688262
narrow,0.279875464832
overnight,0.279213315992
broadly,0.278926715312
briskly,0.278784834734
unappealing,0.278119957533
sidelines,0.277532870573
advancing,0.276569554924
sisyphean,0.27653869265
stock,0.276535988018
gics,0.276430879708
moderately,0.276068728972
